url,filename,document_title,doc_kind,regulation_number,regulation_type,bidang,sub_bidang,release_date,size_bytes,size_source,source_path,found_on_page
https://jdih.ojk.go.id/Web/ViewPeraturan/DownloadDokumen/95716c28-8ed1-5964-7ed5-592615a5b53c,FAQ POJK Nomor 19 Tahun 2023.pdf,"Peraturan Anggota Dewan Komisioner Otoritas Jasa Keuangan Republik Indonesia Nomor 4 Tahun 2026 tentang Pedoman Penerapan Program Anti Pencucian Uang, Pencegahan Pendanaan Terorisme, dan Pencegahan Pendanaan Proliferasi Senjata Pemusnah Massal Bagi Wali Amanat",faq,4,SURAT EDARAN OJK / PERATURAN ANGGOTA DEWAN KOMISIONER OJK,"Pasar Modal, Keuangan Derivatif, dan Bursa Karbon",,2026-07-07,286130,head,,https://jdih.ojk.go.id/Web/ViewPeraturan/Detail/95716c28-8ed1-5964-7ed5-592615a5b53c/All/
https://jdih.ojk.go.id/Web/ViewPeraturan/DownloadDokumen/ffba8600-32dd-1c98-e8c3-68d0c8922808,Salinan POJK Nomor 19 Tahun 2023.pdf,Peraturan Otoritas Jasa Keuangan Republik Indonesia Nomor 10 Tahun 2026 tentang Perubahan Atas Peraturan Otoritas Jasa Keuangan Nomor 14 Tahun 2023 tentang Perdagangan Karbon Melalui Bursa Karbon,utama,10,POJK,"Pasar Modal, Keuangan Derivatif, dan Bursa Karbon",,2026-07-06,200190,head,,https://jdih.ojk.go.id/Web/ViewPeraturan/Detail/ffba8600-32dd-1c98-e8c3-68d0c8922808/All/
https://jdih.ojk.go.id/Web/ViewPeraturan/DownloadDokumen/d123dff4-9d95-6f53-9568-5224e371a676,POJK_27_2016_PKK LJK.pdf,"Peraturan Otoritas Jasa Keuangan Republik Indonesia Nomor 9 Tahun 2026 tentang Pelaporan Insidental Melalui Sistem Pelaporan Otoritas Jasa Keuangan di Sektor Pasar Modal, Keuangan Derivatif, dan Bursa Karbon",utama,9,POJK,"Pasar Modal, Keuangan Derivatif, dan Bursa Karbon",,2026-10-01,299612,head,,https://jdih.ojk.go.id/Web/ViewPeraturan/Detail/d123dff4-9d95-6f53-9568-5224e371a676/All/
https://jdih.ojk.go.id/Web/ViewPeraturan/DownloadDokumen/009e5e55-ce9b-5f02-6b0b-2fdb55e5675a,Peraturan Otoritas Jasa Keuangan Republik Indonesia Nomor 8 Tahun 2026 tentang Pelaporan dan Permint.pdf,Peraturan Otoritas Jasa Keuangan Republik Indonesia Nomor 8 Tahun 2026 tentang Pelaporan dan Permintaan Data Transaksi Pendanaan oleh Penyelenggara Layanan Pendanaan Bersama Berbasis Teknologi Informasi,utama,8,POJK,"Lembaga Pembiayaan,Perusahaan Modal Ventura,Lembaga Keuangan Mikro,dan Lembaga Jasa Keuangan Lainnya",,2026-07-06,,unknown,,https://jdih.ojk.go.id/Web/ViewPeraturan/Detail/009e5e55-ce9b-5f02-6b0b-2fdb55e5675a/All/
https://jdih.ojk.go.id/Web/ViewPeraturan/DownloadDokumen/bfa545e4-7428-6350-f14b-9712dc063dc4,SE OJK No. 46 - Anti Fraud asuransi.pdf,Peraturan Otoritas Jasa Keuangan Republik Indonesia Nomor 6 Tahun 2026 tentang Perilaku Penyampai Informasi Sektor Jasa Keuangan,utama,6,POJK,"Perilaku Pelaku Usaha Jasa Keuangan, Edukasi dan Pelindungan Konsumen",,2026-06-04,201200,head,,https://jdih.ojk.go.id/Web/ViewPeraturan/Detail/bfa545e4-7428-6350-f14b-9712dc063dc4/All/
https://jdih.ojk.go.id/Web/ViewPeraturan/DownloadDokumen/d5143c05-4c73-46e4-2860-bb1144f73004,SAL POJK 72 - Pinjaman Sub.pdf,Peraturan Otoritas Jasa Keuangan Republik Indonesia Nomor 7 Tahun 2026 tentang Kewajiban Penyediaan Modal Minimum dan Pemenuhan Modal Inti Minimum Bank Perekonomian Rakyat,utama,7,POJK,Perbankan,,2026-06-30,118675,head,,https://jdih.ojk.go.id/Web/ViewPeraturan/Detail/d5143c05-4c73-46e4-2860-bb1144f73004/All/
https://jdih.ojk.go.id/Web/ViewPeraturan/DownloadDokumen/8c5622bb-5278-5841-672d-177d181decb0,Peraturan Otoritas Jasa Keuangan Republik Indonesia Nomor 39 Tahun 2024 tentang Pergadaian.pdf,Peraturan Otoritas Jasa Keuangan Republik Indonesia Nomor 39 Tahun 2024 tentang Pergadaian,utama,39,POJK,"Lembaga Pembiayaan,Perusahaan Modal Ventura,Lembaga Keuangan Mikro,dan Lembaga Jasa Keuangan Lainnya",,2024-12-27,,unknown,,https://jdih.ojk.go.id/Web/ViewPeraturan/Detail/8c5622bb-5278-5841-672d-177d181decb0/All/
https://jdih.ojk.go.id/Web/ViewPeraturan/DownloadDokumen/fd0740d2-abc3-139a-488d-47ddaf359226,Surat Edaran Otoritas Jasa Keuangan Republik Indonesia Nomor 19_SEOJK.06_2024 tentang Penilaian Ting.pdf,Surat Edaran Otoritas Jasa Keuangan Republik Indonesia Nomor 19/SEOJK.06/2024 tentang Penilaian Tingkat Kesehatan Perusahaan Modal Ventura dan Perusahaan Modal Ventura Syariah,utama,19,SURAT EDARAN OJK / PERATURAN ANGGOTA DEWAN KOMISIONER OJK,"Lembaga Pembiayaan,Perusahaan Modal Ventura,Lembaga Keuangan Mikro,dan Lembaga Jasa Keuangan Lainnya",,2024-12-22,,unknown,,https://jdih.ojk.go.id/Web/ViewPeraturan/Detail/fd0740d2-abc3-139a-488d-47ddaf359226/All/
https://jdih.ojk.go.id/Web/ViewPeraturan/DownloadDokumen/63aad34c-8052-d417-17f7-6954b32ce129,Surat Edaran Otoritas Jasa Keuangan Republik Indonesia Nomor 20_SEOJK.07_2024 tentang Penyelenggaraa.pdf,Surat Edaran Otoritas Jasa Keuangan Republik Indonesia Nomor 20/SEOJK.07/2024 tentang Penyelenggaraan Perdagangan Aset Keuangan Digital termasuk Aset Kripto,utama,20,SURAT EDARAN OJK / PERATURAN ANGGOTA DEWAN KOMISIONER OJK,"Inovasi Teknologi Sektor Keuangan, Aset Keuangan Digital dan Aset Kripto",,2025-01-10,,unknown,,https://jdih.ojk.go.id/Web/ViewPeraturan/Detail/63aad34c-8052-d417-17f7-6954b32ce129/All/
https://jdih.ojk.go.id/Web/ViewPeraturan/DownloadDokumen/b9770b1b-4d88-2281-9831-0e4b5ac0ad05,Surat Edaran Otoritas Jasa Keuangan Republik Indonesia Nomor 21_SEOJK.05_2023 tentang Perubahan atas.pdf,"Surat Edaran Otoritas Jasa Keuangan Republik Indonesia Nomor 21/SEOJK.05/2023 tentang Perubahan atas Surat Edaran Otoritas Jasa Keuangan Nomor 25/SEOJK.05/2020 tentang Bentuk dan Susunan Laporan Berkala Perusahaan Pialang Asuransi, Perusahaan Pialang Reasuransi, dan Perusahaan Penilai Kerugian Asuransi",utama,21,SURAT EDARAN OJK / PERATURAN ANGGOTA DEWAN KOMISIONER OJK,"Perasuransian, Penjaminan , dan Dana Pensiun",,2025-06-23,,unknown,,https://jdih.ojk.go.id/Web/ViewPeraturan/Detail/b9770b1b-4d88-2281-9831-0e4b5ac0ad05/All/
https://jdih.ojk.go.id/Web/ViewPeraturan/DownloadDokumen/306ef5b7-cab4-4822-9088-1278aebb89b7,Peraturan Otoritas Jasa Keuangan Republik Indonesia Nomor 5 Tahun 2026 tentang Penyelenggaraan Kegia.pdf,Peraturan Otoritas Jasa Keuangan Republik Indonesia Nomor 5 Tahun 2026 tentang Penyelenggaraan Kegiatan Usaha Manajer Investasi,utama,5,POJK,"Pasar Modal, Keuangan Derivatif, dan Bursa Karbon",,2026-04-29,,unknown,,https://jdih.ojk.go.id/Web/ViewPeraturan/Detail/306ef5b7-cab4-4822-9088-1278aebb89b7/All/
https://jdih.ojk.go.id/Web/ViewPeraturan/DownloadDokumen/f744427f-e4a7-da4c-d633-4ea67a048515,Peraturan Anggota Dewan Komisioner Otoritas Jasa Keuangan Republik Indonesia Nomor 2 Tahun 2026 tent.pdf,Peraturan Anggota Dewan Komisioner Otoritas Jasa Keuangan Republik Indonesia Nomor 2 Tahun 2026 tentang Penyelenggaraan Beli Sekarang Bayar Nanti (Buy Now Pay Later) Bagi Perusahaan Pembiayaan dan Perusahaan Pembiayaan Syariah,utama,2,SURAT EDARAN OJK / PERATURAN ANGGOTA DEWAN KOMISIONER OJK,"Lembaga Pembiayaan,Perusahaan Modal Ventura,Lembaga Keuangan Mikro,dan Lembaga Jasa Keuangan Lainnya",,2026-05-04,,unknown,,https://jdih.ojk.go.id/Web/ViewPeraturan/Detail/f744427f-e4a7-da4c-d633-4ea67a048515/All/
https://jdih.ojk.go.id/Web/ViewPeraturan/DownloadDokumen/eaa484f3-3475-58f7-97b0-7b6b8f2938a1,Peraturan Otoritas Jasa Keuangan Republik Indonesia Nomor 3 Tahun 2026 tentang Penyelenggaraan Kegia.pdf,Peraturan Otoritas Jasa Keuangan Republik Indonesia Nomor 3 Tahun 2026 tentang Penyelenggaraan Kegiatan Usaha Perusahaan Efek yang Melakukan Kegiatan Usaha sebagai Penjamin Emisi Efek dan Perantara Pedagang Efek,utama,3,POJK,"Pasar Modal, Keuangan Derivatif, dan Bursa Karbon",,2026-04-29,,unknown,,https://jdih.ojk.go.id/Web/ViewPeraturan/Detail/eaa484f3-3475-58f7-97b0-7b6b8f2938a1/All/
https://jdih.ojk.go.id/Web/ViewPeraturan/DownloadDokumen/5da21323-333f-32ed-2bac-ec6de57cb253,Peraturan Otoritas Jasa Keuangan Republik Indonesia Nomor 4 Tahun 2026 tentang Penyelenggaraan Produ.pdf,Peraturan Otoritas Jasa Keuangan Republik Indonesia Nomor 4 Tahun 2026 tentang Penyelenggaraan Produk Investasi Perbankan Syariah,utama,4,POJK,Perbankan,,2026-04-29,,unknown,,https://jdih.ojk.go.id/Web/ViewPeraturan/Detail/5da21323-333f-32ed-2bac-ec6de57cb253/All/
https://jdih.ojk.go.id/Web/ViewPeraturan/DownloadDokumen/383fc0a1-43ae-b2a4-620d-c7219dde1965,Peraturan Otoritas Jasa Keuangan Republik Indonesia Nomor 2 Tahun 2026 tentang Reksa Dana Berbentuk .pdf,Peraturan Otoritas Jasa Keuangan Republik Indonesia Nomor 2 Tahun 2026 tentang Reksa Dana Berbentuk Kontrak Investasi Kolektif Yang Unit Penyertaannya Diperdagangkan Di Bursa Efek Dengan Aset Yang Mendasari Berupa Emas,utama,2,POJK,"Pasar Modal, Keuangan Derivatif, dan Bursa Karbon",,2026-02-23,,unknown,,https://jdih.ojk.go.id/Web/ViewPeraturan/Detail/383fc0a1-43ae-b2a4-620d-c7219dde1965/All/
https://jdih.ojk.go.id/Web/ViewPeraturan/DownloadDokumen/a6525624-da73-8450-2cfc-3dff9ba0fe02,Peraturan Otoritas Jasa Keuangan Republik Indonesia Nomor 1 Tahun 2026 tentang Penggunaan Tenaga Ker.pdf,Peraturan Otoritas Jasa Keuangan Republik Indonesia Nomor 1 Tahun 2026 tentang Penggunaan Tenaga Kerja Asing dan Program Alih Pengetahuan oleh Bank Umum,utama,1,POJK,Perbankan,,2026-02-23,,unknown,,https://jdih.ojk.go.id/Web/ViewPeraturan/Detail/a6525624-da73-8450-2cfc-3dff9ba0fe02/All/
https://jdih.ojk.go.id/Web/ViewPeraturan/DownloadDokumen/39dd8d55-d91b-f678-3e30-08edcf6c8f94,Peraturan Anggota Dewan Komisioner Otoritas Jasa Keuangan Republik Indonesia Nomor 48_PADK.06_2025 t.pdf,"Peraturan Anggota Dewan Komisioner Otoritas Jasa Keuangan Republik Indonesia Nomor 48/PADK.06/2025 tentang Penerapan Manajemen Risiko bagi Lembaga Pembiayaan, Perusahaan Modal Ventura, Lembaga Keuangan Mikro, dan Lembaga Jasa Keuangan Lainnya",utama,48,SURAT EDARAN OJK / PERATURAN ANGGOTA DEWAN KOMISIONER OJK,"Lembaga Pembiayaan,Perusahaan Modal Ventura,Lembaga Keuangan Mikro,dan Lembaga Jasa Keuangan Lainnya",,2025-12-30,,unknown,,https://jdih.ojk.go.id/Web/ViewPeraturan/Detail/39dd8d55-d91b-f678-3e30-08edcf6c8f94/All/
https://jdih.ojk.go.id/Web/ViewPeraturan/DownloadDokumen/530ae45c-e490-b2ec-476b-a29c6f05281c,Peraturan Anggota Dewan Komisioner Otoritas Jasa Keuangan Republik Indonesia Nomor 47_PADK.05_2025 t.pdf,Peraturan Anggota Dewan Komisioner Otoritas Jasa Keuangan Republik Indonesia Nomor 47/PADK.05/2025 tentang Penilaian Tingkat Kesehatan Lembaga Penjamin,utama,47,SURAT EDARAN OJK / PERATURAN ANGGOTA DEWAN KOMISIONER OJK,"Perasuransian, Penjaminan , dan Dana Pensiun",,2026-01-01,,unknown,,https://jdih.ojk.go.id/Web/ViewPeraturan/Detail/530ae45c-e490-b2ec-476b-a29c6f05281c/All/
https://jdih.ojk.go.id/Web/ViewPeraturan/DownloadDokumen/4d9e2c2a-2e0b-6f4f-4935-0ec214e6bc0e,FAQ SEOJK 17-SEOJK.03-2023.pdf,"Peraturan Anggota Dewan Komisioner Otoritas Jasa Keuangan Republik Indonesia Nomor 46/PADK.05/2025 tentang Lini Usaha Asuransi Umum, Asuransi Umum Syariah, Asuransi Jiwa, dan Asuransi Jiwa Syariah",faq,46,SURAT EDARAN OJK / PERATURAN ANGGOTA DEWAN KOMISIONER OJK,"Perasuransian, Penjaminan , dan Dana Pensiun",,2025-12-23,164059,head,,https://jdih.ojk.go.id/Web/ViewPeraturan/Detail/4d9e2c2a-2e0b-6f4f-4935-0ec214e6bc0e/All/
https://jdih.ojk.go.id/Web/ViewPeraturan/DownloadDokumen/c28d5999-328d-f950-d50d-7aeb12037a47,Abstrak SEOJK 17-SEOJK.03-2023.pdf,Peraturan Anggota Dewan Komisioner Otoritas Jasa Keuangan Republik Indonesia Nomor 45/PADK.06/2025 tentang Laporan Bulanan Perusahaan Pembiayaan dan Perusahaan Pembiayaan Syariah,abstrak,45,SURAT EDARAN OJK / PERATURAN ANGGOTA DEWAN KOMISIONER OJK,"Lembaga Pembiayaan,Perusahaan Modal Ventura,Lembaga Keuangan Mikro,dan Lembaga Jasa Keuangan Lainnya",,2027-07-01,172445,head,,https://jdih.ojk.go.id/Web/ViewPeraturan/Detail/c28d5999-328d-f950-d50d-7aeb12037a47/All/
https://jdih.ojk.go.id/Web/ViewPeraturan/DownloadDokumen/928f1c1b-1f77-70e1-6706-c3665ee09fe9,Salinan SEOJK 17-SEOJK.03-2023.pdf,Peraturan Anggota Dewan Komisioner Otoritas Jasa Keuangan Republik Indonesia Nomor 44/PADK.01/2025 tentang Tata Cara Penggunaan Profesi Penunjang di Sektor Jasa Keuangan,utama,44,SURAT EDARAN OJK / PERATURAN ANGGOTA DEWAN KOMISIONER OJK,Kebijakan Strategis,,2026-03-03,227295,head,,https://jdih.ojk.go.id/Web/ViewPeraturan/Detail/928f1c1b-1f77-70e1-6706-c3665ee09fe9/All/
https://jdih.ojk.go.id/Web/ViewPeraturan/DownloadDokumen/f050b3d3-2d72-930b-b80e-89ee15375b0f,Peraturan Anggota Dewan Komisioner Otoritas Jasa Keuangan Republik Indonesia Nomor 42_PADK.03_2025 t.pdf,"Peraturan Anggota Dewan Komisioner Otoritas Jasa Keuangan Republik Indonesia Nomor 42/PADK.03/2025 tentang Perintah Tertulis untuk Penanganan Permasalahan Bank melalui Penggabungan, Peleburan, Pengambilalihan, Integrasi, dan/atau Konversi",utama,42,SURAT EDARAN OJK / PERATURAN ANGGOTA DEWAN KOMISIONER OJK,Perbankan,,2025-12-16,,unknown,,https://jdih.ojk.go.id/Web/ViewPeraturan/Detail/f050b3d3-2d72-930b-b80e-89ee15375b0f/All/
https://jdih.ojk.go.id/Web/ViewPeraturan/DownloadDokumen/53f5368b-085d-064f-7f62-a165c102b56d,Peraturan Anggota Dewan Komisioner Otoritas Jasa Keuangan Republik Indonesia Nomor 41_PADK.05_2025 t.pdf,Peraturan Anggota Dewan Komisioner Otoritas Jasa Keuangan Republik Indonesia Nomor 41/PADK.05/2025 tentang Penerapan Manajemen Risiko bagi Lembaga Penjamin,utama,41,SURAT EDARAN OJK / PERATURAN ANGGOTA DEWAN KOMISIONER OJK,"Perasuransian, Penjaminan , dan Dana Pensiun",,2025-12-12,,unknown,,https://jdih.ojk.go.id/Web/ViewPeraturan/Detail/53f5368b-085d-064f-7f62-a165c102b56d/All/
https://jdih.ojk.go.id/Web/ViewPeraturan/DownloadDokumen/20c46af3-d111-2db9-495a-5446182d78a3,Peraturan Anggota Dewan Komisioner Otoritas Jasa Keuangan Republik Indonesia Nomor 40_PADK.04_2025 P.pdf,Peraturan Anggota Dewan Komisioner Otoritas Jasa Keuangan Republik Indonesia Nomor 40/PADK.04/2025 Pedoman Penyampaian Informasi oleh Emiten atau Perusahaan Publik dalam rangka Penyusunan Daftar Efek Syariah dan Pedoman bagi Pihak Penerbit Daftar Efek Syariah,utama,40,SURAT EDARAN OJK / PERATURAN ANGGOTA DEWAN KOMISIONER OJK,"Pasar Modal, Keuangan Derivatif, dan Bursa Karbon",,2025-12-11,,unknown,,https://jdih.ojk.go.id/Web/ViewPeraturan/Detail/20c46af3-d111-2db9-495a-5446182d78a3/All/
https://jdih.ojk.go.id/Web/ViewPeraturan/DownloadDokumen/bbae819a-37aa-4c51-fa74-6b4a5427ab27,Peraturan Anggota Dewan Komisioner Otoritas Jasa Keuangan Republik Indonesia Nomor 39_PADK.05_2025 t.pdf,Peraturan Anggota Dewan Komisioner Otoritas Jasa Keuangan Republik Indonesia Nomor 39/PADK.05/2025 tentang Unit Usaha Penjaminan Pada Perusahaan Asuransi Umum dan Perusahaan Asuransi Umum Syariah,utama,39,SURAT EDARAN OJK / PERATURAN ANGGOTA DEWAN KOMISIONER OJK,"Perasuransian, Penjaminan , dan Dana Pensiun",,2025-12-08,,unknown,,https://jdih.ojk.go.id/Web/ViewPeraturan/Detail/bbae819a-37aa-4c51-fa74-6b4a5427ab27/All/
https://jdih.ojk.go.id/Web/ViewPeraturan/DownloadDokumen/3fae7eb0-0f1f-4780-1ff1-b0a5e9e49c6f,pojk 76-2016.pdf,Peraturan Anggota Dewan Komisioner Otoritas Jasa Keuangan Nomor 38/PADK.06/2025 tentang Penilaian Tingkat Kesehatan Penyelenggara Layanan Pendanaan Bersama Berbasis Teknologi Informasi,utama,38,SURAT EDARAN OJK / PERATURAN ANGGOTA DEWAN KOMISIONER OJK,"Lembaga Pembiayaan,Perusahaan Modal Ventura,Lembaga Keuangan Mikro,dan Lembaga Jasa Keuangan Lainnya",,2025-12-08,312729,head,,https://jdih.ojk.go.id/Web/ViewPeraturan/Detail/3fae7eb0-0f1f-4780-1ff1-b0a5e9e49c6f/All/
https://jdih.ojk.go.id/Web/ViewPeraturan/DownloadDokumen/3977dbe7-1e6a-814f-4006-ef5d095dd708,Peraturan Anggota Dewan Komisioner Otoritas Jasa Keuangan Republik Indonesia Nomor 37_PADK.08_2025 t.pdf,Peraturan Anggota Dewan Komisioner Otoritas Jasa Keuangan Republik Indonesia Nomor 37/PADK.08/2025 tentang Penyediaan Informasi dan Penyampaian Informasi untuk Pemasaran Produk dan Layanan Jasa Keuangan,utama,37,SURAT EDARAN OJK / PERATURAN ANGGOTA DEWAN KOMISIONER OJK,"Perilaku Pelaku Usaha Jasa Keuangan, Edukasi dan Pelindungan Konsumen",,2025-12-02,,unknown,,https://jdih.ojk.go.id/Web/ViewPeraturan/Detail/3977dbe7-1e6a-814f-4006-ef5d095dd708/All/
https://jdih.ojk.go.id/Web/ViewPeraturan/DownloadDokumen/a2fcc819-81bf-28d1-efc1-65b7f2f1b135,SAL - POJK Penggabungan .pdf,Surat Edaran Otoritas Jasa Keuangan Republik Indonesia Nomor 36/SEOJK.06/2025 tentang Penyelenggaraan Program Wakaf Mikro,utama,36,SURAT EDARAN OJK / PERATURAN ANGGOTA DEWAN KOMISIONER OJK,"Lembaga Pembiayaan,Perusahaan Modal Ventura,Lembaga Keuangan Mikro,dan Lembaga Jasa Keuangan Lainnya",,2025-12-01,221679,head,,https://jdih.ojk.go.id/Web/ViewPeraturan/Detail/a2fcc819-81bf-28d1-efc1-65b7f2f1b135/All/
https://jdih.ojk.go.id/Web/ViewPeraturan/DownloadDokumen/6e542fd2-c883-807d-f51b-f28e9a513cd0,pojk 73-2016.pdf,Surat Edaran Otoritas Jasa Keuangan Republik Indonesia Nomor 35/SEOJK.06/2025 tentang Penilaian Tingkat Kesehatan Perusahaan Pergadaian dan Perusahaan Pergadaian Syariah,utama,35,SURAT EDARAN OJK / PERATURAN ANGGOTA DEWAN KOMISIONER OJK,"Lembaga Pembiayaan,Perusahaan Modal Ventura,Lembaga Keuangan Mikro,dan Lembaga Jasa Keuangan Lainnya",,2025-12-01,467634,head,,https://jdih.ojk.go.id/Web/ViewPeraturan/Detail/6e542fd2-c883-807d-f51b-f28e9a513cd0/All/
https://jdih.ojk.go.id/Web/ViewPeraturan/DownloadDokumen/06987ea6-a2f1-51a4-e905-65d0964b9f83,pojk 71-2016.pdf,Surat Edaran Otoritas Jasa Keuangan Republik Indonesia Nomor 34/SEOJK.07/2025 tentang Rencana Bisnis Penyelenggara Perdagangan Aset Keuangan Digital,utama,34,SURAT EDARAN OJK / PERATURAN ANGGOTA DEWAN KOMISIONER OJK,"Inovasi Teknologi Sektor Keuangan, Aset Keuangan Digital dan Aset Kripto",,2025-12-01,486413,head,,https://jdih.ojk.go.id/Web/ViewPeraturan/Detail/06987ea6-a2f1-51a4-e905-65d0964b9f83/All/
https://jdih.ojk.go.id/Web/ViewPeraturan/DownloadDokumen/57f65198-181f-55a3-d88b-3a532d4d0049,pojk 70-2016.pdf,Surat Edaran Otoritas Jasa Keuangan Republik Indonesia Nomor 31/SEOJK.03/2025 tentang Pelaporan Bank Umum Konvensional Melalui Sistem Pelaporan Otoritas Jasa Keuangan,utama,31,SURAT EDARAN OJK / PERATURAN ANGGOTA DEWAN KOMISIONER OJK,Perbankan,,2025-11-28,513527,head,,https://jdih.ojk.go.id/Web/ViewPeraturan/Detail/57f65198-181f-55a3-d88b-3a532d4d0049/All/
https://jdih.ojk.go.id/Web/ViewPeraturan/DownloadDokumen/9390215e-cb6d-e158-8bdc-44c07fc7a593,pojk 69-2016.pdf,Surat Edaran Otoritas Jasa Keuangan Republik Indonesia Nomor 29/SEOJK.03/2025 tentang Transparansi dan Publikasi Laporan Bank Umum Konvensional,utama,29,SURAT EDARAN OJK / PERATURAN ANGGOTA DEWAN KOMISIONER OJK,Perbankan,,2026-02-09,589929,head,,https://jdih.ojk.go.id/Web/ViewPeraturan/Detail/9390215e-cb6d-e158-8bdc-44c07fc7a593/All/
https://jdih.ojk.go.id/Web/ViewPeraturan/DownloadDokumen/b0d2d5a7-4f26-f221-830e-bceb86e6e2a3,"Surat Edaran Otoritas Jasa Keuangan Republik Indonesia Nomor 30_SEOJK.06_2025 tentang Perizinan, Per.pdf","Surat Edaran Otoritas Jasa Keuangan Republik Indonesia Nomor 30/SEOJK.06/2025 tentang Perizinan, Persetujuan, dan Pelaporan secara Elektronik Perusahaan Pergadaian dan Perusahaan Pergadaian Syariah",utama,30,SURAT EDARAN OJK / PERATURAN ANGGOTA DEWAN KOMISIONER OJK,"Lembaga Pembiayaan,Perusahaan Modal Ventura,Lembaga Keuangan Mikro,dan Lembaga Jasa Keuangan Lainnya",,2025-11-26,,unknown,,https://jdih.ojk.go.id/Web/ViewPeraturan/Detail/b0d2d5a7-4f26-f221-830e-bceb86e6e2a3/All/
https://jdih.ojk.go.id/Web/ViewPeraturan/DownloadDokumen/07aea457-a112-7016-80c0-1eea738a28fa,pojk 66-2016.pdf,"Surat Edaran Otoritas Jasa Keuangan Republik Indonesia Nomor 28/SEOJK.06/2025 tentang Laporan Penerapan Tata Kelola Yang Baik bagi Lembaga Pembiayaan, Perusahaan Modal Ventura, Lembaga Keuangan Mikro, dan Lembaga Jasa Keuangan Lainnya",utama,28,SURAT EDARAN OJK / PERATURAN ANGGOTA DEWAN KOMISIONER OJK,"Lembaga Pembiayaan,Perusahaan Modal Ventura,Lembaga Keuangan Mikro,dan Lembaga Jasa Keuangan Lainnya",,2025-11-19,346925,head,,https://jdih.ojk.go.id/Web/ViewPeraturan/Detail/07aea457-a112-7016-80c0-1eea738a28fa/All/
https://jdih.ojk.go.id/Web/ViewPeraturan/DownloadDokumen/a6cf8b1f-d0fa-b2cc-b8f9-4195c2ce9ea2,pojk 65-2016.pdf,Surat Edaran Otoritas Jasa Keuangan Republik Indonesia Nomor 26/SEOJK.03/2025 tentang Proses Asesmen Kecukupan Likuiditas Secara Internal (Internal Liquidity Adequacy Assessment Process) bagi Bank Umum,utama,26,SURAT EDARAN OJK / PERATURAN ANGGOTA DEWAN KOMISIONER OJK,Perbankan,,2025-11-19,395265,head,,https://jdih.ojk.go.id/Web/ViewPeraturan/Detail/a6cf8b1f-d0fa-b2cc-b8f9-4195c2ce9ea2/All/
https://jdih.ojk.go.id/Web/ViewPeraturan/DownloadDokumen/8f20b47d-ff68-8015-6f7d-11279e098de5,SAL - POJK Perubahan Kegiatan Usaha Bank Konvensional Menjadi Bank Syariah.pdf,"Surat Edaran Otoritas Jasa Keuangan Republik Indonesia Nomor 25/SEOJK.04/2025 tentang Verifikasi Pesanan dan Dana, Alokasi Penjatahan, dan Penyelesaian Pemesanan Efek Dalam Penawaran Umum Saham Secara Elektronik",utama,25,SURAT EDARAN OJK / PERATURAN ANGGOTA DEWAN KOMISIONER OJK,"Pasar Modal, Keuangan Derivatif, dan Bursa Karbon",,2025-11-17,212891,head,,https://jdih.ojk.go.id/Web/ViewPeraturan/Detail/8f20b47d-ff68-8015-6f7d-11279e098de5/All/
https://jdih.ojk.go.id/Web/ViewPeraturan/DownloadDokumen/7a6523a1-000f-3d19-345b-0df166417f39,pojk 63-2016.pdf,Surat Edaran Otoritas Jasa Keuangan Republik Indonesia Nomor 24/SEOJK.03/2025 tentang Rencana Bisnis Bank Perekonomian Rakyat,utama,24,SURAT EDARAN OJK / PERATURAN ANGGOTA DEWAN KOMISIONER OJK,Perbankan,,2025-11-13,208407,head,,https://jdih.ojk.go.id/Web/ViewPeraturan/Detail/7a6523a1-000f-3d19-345b-0df166417f39/All/
https://jdih.ojk.go.id/Web/ViewPeraturan/DownloadDokumen/2de97e69-286a-d35b-e903-9414ccffe364,pojk 62-2016.pdf,Surat Edaran Otoritas Jasa Keuangan Republik Indonesia Nomor 22/SEOJK.06/2025 tentang Laporan Bulanan Lembaga Jasa Keuangan Penyelenggara Kegiatan Usaha Bulion,utama,22,SURAT EDARAN OJK / PERATURAN ANGGOTA DEWAN KOMISIONER OJK,"Lembaga Pembiayaan,Perusahaan Modal Ventura,Lembaga Keuangan Mikro,dan Lembaga Jasa Keuangan Lainnya",,2025-12-01,344353,head,,https://jdih.ojk.go.id/Web/ViewPeraturan/Detail/2de97e69-286a-d35b-e903-9414ccffe364/All/
https://jdih.ojk.go.id/Web/ViewPeraturan/DownloadDokumen/f4630591-329a-b645-83da-087ea67d2877,SAL - POJK Penerapan Prinsip Syariah di Pasar Modal pada Manajer Investasi.pdf,"Surat Edaran Otoritas Jasa Keuangan Republik Indonesia Nomor 21/SEOJK.07/2025 tentang Penilaian Kemampuan dan Kepatutan serta Penilaian Kembali bagi Pihak Utama di Sektor Inovasi Teknologi Keuangan, serta Aset Keuangan Digital dan Aset Kripto",utama,21,SURAT EDARAN OJK / PERATURAN ANGGOTA DEWAN KOMISIONER OJK,"Inovasi Teknologi Sektor Keuangan, Aset Keuangan Digital dan Aset Kripto",,2025-10-01,246360,head,,https://jdih.ojk.go.id/Web/ViewPeraturan/Detail/f4630591-329a-b645-83da-087ea67d2877/All/
https://jdih.ojk.go.id/Web/ViewPeraturan/DownloadDokumen/292f99a9-79e5-5280-9501-5b4781bba462,Surat Edaran Otoritas Jasa Keuangan Republik Indonesia Nomor 19_SEOJK.06_2025 tentang Penyelenggaraa.pdf,Surat Edaran Otoritas Jasa Keuangan Republik Indonesia Nomor 19/SEOJK.06/2025 tentang Penyelenggaraan Layanan Pendanaan Bersama Berbasis Teknologi Informasi,utama,19,SURAT EDARAN OJK / PERATURAN ANGGOTA DEWAN KOMISIONER OJK,"Lembaga Pembiayaan,Perusahaan Modal Ventura,Lembaga Keuangan Mikro,dan Lembaga Jasa Keuangan Lainnya",,2025-07-31,,unknown,,https://jdih.ojk.go.id/Web/ViewPeraturan/Detail/292f99a9-79e5-5280-9501-5b4781bba462/All/
https://jdih.ojk.go.id/Web/ViewPeraturan/DownloadDokumen/3dd97d67-13a0-a2cc-c894-aee7b3320484,Surat Edaran Otoritas Jasa Keuangan Republik Indonesia Nomor 18_SEOJK.03_2025 tentang Penilaian Kema.pdf,Surat Edaran Otoritas Jasa Keuangan Republik Indonesia Nomor 18/SEOJK.03/2025 tentang Penilaian Kemampuan dan Kepatutan Pihak Utama Perusahaan Induk Konglomerasi Keuangan Nonoperasional,utama,18,SURAT EDARAN OJK / PERATURAN ANGGOTA DEWAN KOMISIONER OJK,Perbankan,,2025-07-24,,unknown,,https://jdih.ojk.go.id/Web/ViewPeraturan/Detail/3dd97d67-13a0-a2cc-c894-aee7b3320484/All/
https://jdih.ojk.go.id/Web/ViewPeraturan/DownloadDokumen/69b770c7-0279-d856-2fd2-1fff1fe29ab4,Surat Edaran Otoritas Jasa Keuangan Republik Indonesia Nomor 17_SEOJK.06_2025 tentang Laporan Bulana.pdf,Surat Edaran Otoritas Jasa Keuangan Republik Indonesia Nomor 17/SEOJK.06/2025 tentang Laporan Bulanan Perusahaan Pergadaian dan Perusahaan Pergadaian Syariah,utama,17,SURAT EDARAN OJK / PERATURAN ANGGOTA DEWAN KOMISIONER OJK,"Lembaga Pembiayaan,Perusahaan Modal Ventura,Lembaga Keuangan Mikro,dan Lembaga Jasa Keuangan Lainnya",,2025-12-01,,unknown,,https://jdih.ojk.go.id/Web/ViewPeraturan/Detail/69b770c7-0279-d856-2fd2-1fff1fe29ab4/All/
https://jdih.ojk.go.id/Web/ViewPeraturan/DownloadDokumen/fa989b6c-01e5-f527-cd63-4dba850cdbf9,FAQ POJK 18 Tahun 2023 - Penerbitan dan Persyaratan Efek Bersifat Utang dan Sukuk Berla.pdf,Surat Edaran Otoritas Jasa Keuangan Republik Indonesia Nomor 14/SEOJK.03/2025 tentang Penerapan Tata Kelola Bagi Bank Umum,faq,14,SURAT EDARAN OJK / PERATURAN ANGGOTA DEWAN KOMISIONER OJK,Perbankan,,2025-06-24,14206,head,,https://jdih.ojk.go.id/Web/ViewPeraturan/Detail/fa989b6c-01e5-f527-cd63-4dba850cdbf9/All/
https://jdih.ojk.go.id/Web/ViewPeraturan/DownloadDokumen/5351afae-6620-10bd-ea6a-4ed0f34910cd,ABSTRAK POJK 18 Tahun 2023 - Penerbitan dan Persyaratan Efek Bersifat Utang dan Sukuk B.pdf,"Surat Edaran Otoritas Jasa Keuangan Republik Indonesia Nomor 13/SEOJK.05/2025 tentang Bentuk dan Susunan Laporan Berkala Perusahaan Pialang Asuransi, Perusahaan Pialang Reasuransi, dan Perusahaan Penilaian Kerugian Asuransi",abstrak,13,SURAT EDARAN OJK / PERATURAN ANGGOTA DEWAN KOMISIONER OJK,"Perasuransian, Penjaminan , dan Dana Pensiun",,2025-06-23,117295,head,,https://jdih.ojk.go.id/Web/ViewPeraturan/Detail/5351afae-6620-10bd-ea6a-4ed0f34910cd/All/
https://jdih.ojk.go.id/Web/ViewPeraturan/DownloadDokumen/b9ca14a0-373e-7e5f-bf54-9576c54bad01,POJK 18 Tahun 2023 - Penerbitan dan Persyaratan Efek Bersifat Utang dan Sukuk Berlandas.pdf,"Surat Edaran Otoritas Jasa Keuangan Republik Indonesia Nomor 12/SEOJK.05/2025 tentang Sertifikasi Kompetensi Kerja bagi Perusahaan Perasuransian, Lembaga Penjamin, Dana Pensiun, serta Lembaga Khusus Bidang Perasuransian, Penjaminan, dan Dana Pensiun",utama,12,SURAT EDARAN OJK / PERATURAN ANGGOTA DEWAN KOMISIONER OJK,"Perasuransian, Penjaminan , dan Dana Pensiun",,2025-06-23,317462,head,,https://jdih.ojk.go.id/Web/ViewPeraturan/Detail/b9ca14a0-373e-7e5f-bf54-9576c54bad01/All/
https://jdih.ojk.go.id/Web/ViewPeraturan/DownloadDokumen/61bc0e8c-0444-6881-eae8-fc718b88c46e,SAL - POJK Pelayanan Nasabah Prima.pdf,Surat Edaran Otoritas Jasa Keuangan Republik Indonesia Nomor 11/SEOJK.05/2025 tentang Bentuk dan Susunan Laporan Berkala Dana Pensiun,utama,11,SURAT EDARAN OJK / PERATURAN ANGGOTA DEWAN KOMISIONER OJK,"Perasuransian, Penjaminan , dan Dana Pensiun",,2025-06-11,123236,head,,https://jdih.ojk.go.id/Web/ViewPeraturan/Detail/61bc0e8c-0444-6881-eae8-fc718b88c46e/All/
https://jdih.ojk.go.id/Web/ViewPeraturan/DownloadDokumen/0136fc77-6daf-3024-8eeb-0cb0f65327b0,SAL - POJK Kepemilikan Saham Bank Umum.pdf,Surat Edaran Otoritas Jasa Keuangan Republik Indonesia Nomor 10/SEOJK.04/2025 tentang Penyampaian Laporan Kepemilikan atau Setiap Perubahan Kepemilikan Saham Perusahaan Terbuka dan Laporan Aktivitas Menjaminkan Saham Perusahaan Terbuka Secara Elektronik,utama,10,SURAT EDARAN OJK / PERATURAN ANGGOTA DEWAN KOMISIONER OJK,"Pasar Modal, Keuangan Derivatif, dan Bursa Karbon",,2025-12-06,262277,head,,https://jdih.ojk.go.id/Web/ViewPeraturan/Detail/0136fc77-6daf-3024-8eeb-0cb0f65327b0/All/
https://jdih.ojk.go.id/Web/ViewPeraturan/DownloadDokumen/6f537e90-de6a-5439-985a-37557415ba63,POJK 55-2016 - Tata Kelola bank umum.pdf,Surat Edaran Otoritas Jasa Keuangan Republik Indonesia Nomor 9/SEOJK.03/2025 tentang Penerapan Fungsi Audit Intern Bagi Bank Perekonomian Rakyat dan Bank Perekonomian Rakyat Syariah,utama,9,SURAT EDARAN OJK / PERATURAN ANGGOTA DEWAN KOMISIONER OJK,Perbankan,,2025-05-26,315052,head,,https://jdih.ojk.go.id/Web/ViewPeraturan/Detail/6f537e90-de6a-5439-985a-37557415ba63/All/
https://jdih.ojk.go.id/Web/ViewPeraturan/DownloadDokumen/f20af62f-d34a-53f3-b7c9-7894fc101914,SAL - Pemeliharaan Dokumen BAE.pdf,Surat Edaran Otoritas Jasa Keuangan Republik Indonesia Nomor 8/SEOJK.03/2025 tentang Penerapan Fungsi Kepatuhan Bagi Bank Perekonomian Rakyat dan Bank Perekonomian Rakyat Syariah,utama,8,SURAT EDARAN OJK / PERATURAN ANGGOTA DEWAN KOMISIONER OJK,Perbankan,,2025-05-26,102012,head,,https://jdih.ojk.go.id/Web/ViewPeraturan/Detail/f20af62f-d34a-53f3-b7c9-7894fc101914/All/
https://jdih.ojk.go.id/Web/ViewPeraturan/DownloadDokumen/a282a817-a4b2-f113-05da-c6abbda52a34,SAL - Prosedur Penangguhan Penawaran Umum.pdf,Surat Edaran Otoritas Jasa Keuangan Republik Indonesia Nomor 7/SEOJK.05/2025 tentang Penyelenggaraan Produk Asuransi Kesehatan,utama,7,SURAT EDARAN OJK / PERATURAN ANGGOTA DEWAN KOMISIONER OJK,"Perasuransian, Penjaminan , dan Dana Pensiun",,2026-03-23,92494,head,,https://jdih.ojk.go.id/Web/ViewPeraturan/Detail/a282a817-a4b2-f113-05da-c6abbda52a34/All/
https://jdih.ojk.go.id/Web/ViewPeraturan/DownloadDokumen/f392ac8b-b3e5-7e0b-5eab-59303cefb2b5,SAL - Perubahan Pernyataan Pendaftaran.pdf,Surat Edaran Otoritas Jasa Keuangan Republik Indonesia Nomor 6/SEOJK.04/2025 tentang Pedoman Pelaporan dan Kontrak Penerimaan dan Pemberian Pinjaman Reksa Dana,utama,6,SURAT EDARAN OJK / PERATURAN ANGGOTA DEWAN KOMISIONER OJK,"Pasar Modal, Keuangan Derivatif, dan Bursa Karbon",,2025-05-09,102564,head,,https://jdih.ojk.go.id/Web/ViewPeraturan/Detail/f392ac8b-b3e5-7e0b-5eab-59303cefb2b5/All/
https://jdih.ojk.go.id/Web/ViewPeraturan/DownloadDokumen/3aae1a5a-d76d-89e3-fc9e-4f0def027cf2,pojk 50-2016.pdf,Surat Edaran Otoritas Jasa Keuangan Republik Indonesia Nomor 5/SEOJK.04/2025 tentang Pedoman Pelaporan Agen Penjual Efek Reksa Dana dan Bank Umum sebagai Kustodian,utama,5,SURAT EDARAN OJK / PERATURAN ANGGOTA DEWAN KOMISIONER OJK,"Pasar Modal, Keuangan Derivatif, dan Bursa Karbon",,2025-12-28,337825,head,,https://jdih.ojk.go.id/Web/ViewPeraturan/Detail/3aae1a5a-d76d-89e3-fc9e-4f0def027cf2/All/
https://jdih.ojk.go.id/Web/ViewPeraturan/DownloadDokumen/886081a9-9691-fc98-1230-f145303d90cc,SAL - POJK Dana Perlindungan Pemodal.pdf,Surat Edaran Otoritas Jasa Keuangan Republik Indonesia Nomor 4/SEOJK.07/2025 tentang Pelaporan Penyelenggara Inovasi Teknologi Sektor Keuangan Yang Memiliki Izin Usaha di Otoritas Jasa Keuangan,utama,4,SURAT EDARAN OJK / PERATURAN ANGGOTA DEWAN KOMISIONER OJK,"Inovasi Teknologi Sektor Keuangan, Aset Keuangan Digital dan Aset Kripto",,2025-04-28,140585,head,,https://jdih.ojk.go.id/Web/ViewPeraturan/Detail/886081a9-9691-fc98-1230-f145303d90cc/All/
https://jdih.ojk.go.id/Web/ViewPeraturan/DownloadDokumen/c6ef3dcd-be47-7b53-dd75-1ecd1bb3dd7a,pojk 48-2016.pdf,Surat Edaran Otoritas Jasa Keuangan Republik Indonesia Nomor 3/SEOJK.04/2025 tentang Perubahan Atas Surat Edaran Otoritas Jasa Keuangan Nomor 25/SEOJK.04/2021 tentang Pedoman Perlakuan Akuntansi Perusahaan Efek,utama,3,SURAT EDARAN OJK / PERATURAN ANGGOTA DEWAN KOMISIONER OJK,"Pasar Modal, Keuangan Derivatif, dan Bursa Karbon",,2025-04-24,167325,head,,https://jdih.ojk.go.id/Web/ViewPeraturan/Detail/c6ef3dcd-be47-7b53-dd75-1ecd1bb3dd7a/All/
https://jdih.ojk.go.id/Web/ViewPeraturan/DownloadDokumen/2c55f182-9015-9d8e-a897-d5a635b0a24c,SAL - POJK RMR LKP.pdf,Surat Edaran Otoritas Jasa Keuangan Republik Indonesia Nomor 2/SEOJK.03/2025 tentang Kewajiban Penyediaan Modal Minimum dan Pemenuhan Modal Inti Minimum Bagi Bank Perekonomian Rakyat,utama,2,SURAT EDARAN OJK / PERATURAN ANGGOTA DEWAN KOMISIONER OJK,Perbankan,,2025-03-11,112662,head,,https://jdih.ojk.go.id/Web/ViewPeraturan/Detail/2c55f182-9015-9d8e-a897-d5a635b0a24c/All/
https://jdih.ojk.go.id/Web/ViewPeraturan/DownloadDokumen/1c7a295f-a16d-3eab-45fa-a8965c378f91,pojk 46-2016.pdf,Surat Edaran Otoritas Jasa Keuangan Republik Indonesia Nomor 1/SEOJK.06/2025 tentang Laporan Keuangan Lembaga Keuangan Mikro,utama,1,SURAT EDARAN OJK / PERATURAN ANGGOTA DEWAN KOMISIONER OJK,"Lembaga Pembiayaan,Perusahaan Modal Ventura,Lembaga Keuangan Mikro,dan Lembaga Jasa Keuangan Lainnya",,2025-01-23,152870,head,,https://jdih.ojk.go.id/Web/ViewPeraturan/Detail/1c7a295f-a16d-3eab-45fa-a8965c378f91/All/
https://jdih.ojk.go.id/Web/ViewPeraturan/DownloadDokumen/d190f99d-cc77-fca7-b7b6-3a8c6c9d5e7e,POJK MRTI.pdf,Peraturan Anggota Dewan Komisioner Otoritas Jasa Keuangan Republik Indonesia Nomor 1 Tahun 2026 Tentang Penyelenggaraan Teknologi Informasi Oleh Bank Umum,utama,1,SURAT EDARAN OJK / PERATURAN ANGGOTA DEWAN KOMISIONER OJK,Perbankan,,2026-03-01,323286,head,,https://jdih.ojk.go.id/Web/ViewPeraturan/Detail/d190f99d-cc77-fca7-b7b6-3a8c6c9d5e7e/All/
https://jdih.ojk.go.id/Web/ViewPeraturan/DownloadDokumen/c34dc2be-950c-63db-f153-b572bf86bfa8,pojk 36-2016.pdf,"Peraturan Otoritas Jasa Keuangan Republik Indonesia Nomor 42 Tahun 2025 tentang Integritas Pelaporan Keuangan Lembaga Pembiayaan, Perusahaan Modal Ventura, Lembaga Keuangan Mikro, dan Lembaga Jasa Keuangan Lainnya",utama,42,POJK,"Lembaga Pembiayaan,Perusahaan Modal Ventura,Lembaga Keuangan Mikro,dan Lembaga Jasa Keuangan Lainnya",,2025-12-22,203927,head,,https://jdih.ojk.go.id/Web/ViewPeraturan/Detail/c34dc2be-950c-63db-f153-b572bf86bfa8/All/
https://jdih.ojk.go.id/Web/ViewPeraturan/DownloadDokumen/5ae98924-5602-9203-30e2-ffdc0f319a9d,pojk 35-2016.pdf,Peraturan Otoritas Jasa Keuangan Republik Indonesia Nomor 40 Tahun 2025 tentang Penggunaan Dana Hasil Penawaran Umum,utama,40,POJK,"Pasar Modal, Keuangan Derivatif, dan Bursa Karbon",,2026-06-23,125590,head,,https://jdih.ojk.go.id/Web/ViewPeraturan/Detail/5ae98924-5602-9203-30e2-ffdc0f319a9d/All/
https://jdih.ojk.go.id/Web/ViewPeraturan/DownloadDokumen/ce15ddd5-659c-c793-f4f5-d19faa7700b6,SAL - Perubahan POJK KPMM .pdf,Peraturan Otoritas Jasa Keuangan Republik Indonesia Nomor 38 Tahun 2025 tentang Gugatan Oleh Otoritas Jasa Keuangan Untuk Pelindungan Konsumen di Sektor Jasa Keuangan,utama,38,POJK,"Perilaku Pelaku Usaha Jasa Keuangan, Edukasi dan Pelindungan Konsumen",,2025-12-22,247092,head,,https://jdih.ojk.go.id/Web/ViewPeraturan/Detail/ce15ddd5-659c-c793-f4f5-d19faa7700b6/All/
https://jdih.ojk.go.id/Web/ViewPeraturan/DownloadDokumen/81ca119e-3e85-0b68-76e5-698062abbb52,POJK-Penyelenggaraan-Dapensyah.pdf,Peraturan Otoritas Jasa Keuangan Republik Indonesia Nomor 36 Tahun 2025 tentang Penguatan Ekosistem Asuransi Kesehatan,utama,36,POJK,"Perasuransian, Penjaminan , dan Dana Pensiun",,2026-03-23,316951,head,,https://jdih.ojk.go.id/Web/ViewPeraturan/Detail/81ca119e-3e85-0b68-76e5-698062abbb52/All/
https://jdih.ojk.go.id/Web/ViewPeraturan/DownloadDokumen/86312621-8c5c-a1f0-84f8-7dac7d3af465,Peraturan Otoritas Jasa Keuangan Republik Indonesia Nomor 32 Tahun 2025 tentang Penyelenggaraan Beli.pdf,Peraturan Otoritas Jasa Keuangan Republik Indonesia Nomor 32 Tahun 2025 tentang Penyelenggaraan Beli Sekarang Bayar Nanti (Buy Now Pay Later),utama,32,POJK,"Lembaga Pembiayaan,Perusahaan Modal Ventura,Lembaga Keuangan Mikro,dan Lembaga Jasa Keuangan Lainnya",,2025-12-15,,unknown,,https://jdih.ojk.go.id/Web/ViewPeraturan/Detail/86312621-8c5c-a1f0-84f8-7dac7d3af465/All/
https://jdih.ojk.go.id/Web/ViewPeraturan/DownloadDokumen/a94bb6af-db07-ae16-d3a6-d24970885b40,Peraturan Otoritas Jasa Keuangan Republik Indonesia Nomor 30 Tahun 2025 tentang Penerapan Tata Kelol.pdf,Peraturan Otoritas Jasa Keuangan Republik Indonesia Nomor 30 Tahun 2025 tentang Penerapan Tata Kelola dan Manajemen Risiko Bagi Penyelenggara Inovasi Teknologi Sektor Keuangan,utama,30,POJK,"Inovasi Teknologi Sektor Keuangan, Aset Keuangan Digital dan Aset Kripto",,2026-07-01,,unknown,,https://jdih.ojk.go.id/Web/ViewPeraturan/Detail/a94bb6af-db07-ae16-d3a6-d24970885b40/All/
https://jdih.ojk.go.id/Web/ViewPeraturan/DownloadDokumen/e597ff73-f0a5-4c1e-5aad-3d0ab39224d8,POJK-DIRE-Syariah.pdf,"Peraturan Otoritas Jasa keuangan Republik Indonesia Nomor 28 Tahun 2025 tentang Penerapan Manajemen Risiko bagi Perusahaan Perasuransian, Lembaga Penjamin, dan Dana Pensiun",utama,28,POJK,"Perasuransian, Penjaminan , dan Dana Pensiun",,2026-01-01,229621,head,,https://jdih.ojk.go.id/Web/ViewPeraturan/Detail/e597ff73-f0a5-4c1e-5aad-3d0ab39224d8/All/
https://jdih.ojk.go.id/Web/ViewPeraturan/DownloadDokumen/6ad1faea-a93c-0b68-10f2-2fcfa652d64d,POJK-Laporan-Tahunan.pdf,Peraturan Otoritas Jasa Keuangan Republik Indonesia Nomor 26 Tahun 2025 tentang Pengelolaan Aset dan Liabilitas Perusahaan Asuransi dan Perusahaan Reasuransi,utama,26,POJK,"Perasuransian, Penjaminan , dan Dana Pensiun",,2025-11-24,215217,head,,https://jdih.ojk.go.id/Web/ViewPeraturan/Detail/6ad1faea-a93c-0b68-10f2-2fcfa652d64d/All/
https://jdih.ojk.go.id/Web/ViewPeraturan/DownloadDokumen/44cf47ee-9ec2-9c6d-8eb5-2f5f543c0f5d,POJK 28. Perizinan Usaha dan Kelembagaan Perusahaan Pembiayaan.pdf,"Peraturan Otoritas Jasa Keuangan Republik Indonesia Nomor 41 Tahun 2025 tentang Kantor Perwakilan Lembaga Pembiayaan, Perusahaan Modal Ventura, Dan Lembaga Jasa Keuangan Lainnya Yang Berkantor Pusat Di Luar Negeri",utama,41,POJK,"Lembaga Pembiayaan,Perusahaan Modal Ventura,Lembaga Keuangan Mikro,dan Lembaga Jasa Keuangan Lainnya",,2025-12-22,717389,head,,https://jdih.ojk.go.id/Web/ViewPeraturan/Detail/44cf47ee-9ec2-9c6d-8eb5-2f5f543c0f5d/All/
https://jdih.ojk.go.id/Web/ViewPeraturan/DownloadDokumen/f6fe80c0-7103-df50-129a-c01e67f76563,Peraturan Otoritas Jasa Keuangan Republik Indonesia Nomor 24 Tahun 2025 tentang Pengelolaan Rekening.pdf,Peraturan Otoritas Jasa Keuangan Republik Indonesia Nomor 24 Tahun 2025 tentang Pengelolaan Rekening pada Bank Umum,utama,24,POJK,Perbankan,,2025-11-10,,unknown,,https://jdih.ojk.go.id/Web/ViewPeraturan/Detail/f6fe80c0-7103-df50-129a-c01e67f76563/All/
https://jdih.ojk.go.id/Web/ViewPeraturan/DownloadDokumen/144b8ea6-ebd3-b7bb-8df8-e8b117c2c77e,SAL - POJK Tax Amnesty_Hasil RDK .pdf,Peraturan Otoritas Jasa Keuangan Republik Indonesia Nomor 39 Tahun 2025 tentang Tata Cara Penagihan Sanksi Administratif Berupa Denda di Sektor Jasa Keuangan,utama,39,POJK,"Pasar Modal, Keuangan Derivatif, dan Bursa Karbon",,2025-12-22,158764,head,,https://jdih.ojk.go.id/Web/ViewPeraturan/Detail/144b8ea6-ebd3-b7bb-8df8-e8b117c2c77e/All/
https://jdih.ojk.go.id/Web/ViewPeraturan/DownloadDokumen/46c47ca0-4106-a40e-240e-c312935392c6,SAL - POJK Nomor 25 tahun 2016 Perubahan POJK Nomor 27 Tahun 2015.pdf,"Peraturan Otoritas Jasa Keuangan Republik Indonesia Nomor 37 Tahun 2025 tentang Penetapan Status dan Tindak Lanjut Pengawasan Perusahaan Perasuransian, Lembaga Penjamin, dan Dana Pensiun",utama,37,POJK,"Perasuransian, Penjaminan , dan Dana Pensiun",,2026-06-23,107850,head,,https://jdih.ojk.go.id/Web/ViewPeraturan/Detail/46c47ca0-4106-a40e-240e-c312935392c6/All/
https://jdih.ojk.go.id/Web/ViewPeraturan/DownloadDokumen/083e90ab-3357-ef06-4df6-f45cc70950cd,pojk 23-2016.pdf,"Peraturan Otoritas Jasa Keuangan Republik Indonesia Nomor 35 Tahun 2025 tentang Perubahan atas Peraturan Otoritas Jasa Keuangan Nomor 46 Tahun 2024 tentang Pengembangan dan Penguatan Perusahaan Pembiayaan, Perusahaan Pembiayaan Infrastruktur, dan Perusahaan Modal Ventura",utama,35,POJK,"Lembaga Pembiayaan,Perusahaan Modal Ventura,Lembaga Keuangan Mikro,dan Lembaga Jasa Keuangan Lainnya",,2025-12-22,435872,head,,https://jdih.ojk.go.id/Web/ViewPeraturan/Detail/083e90ab-3357-ef06-4df6-f45cc70950cd/All/
https://jdih.ojk.go.id/Web/ViewPeraturan/DownloadDokumen/f224b556-af80-65f5-7f99-3cec951ee3f1,pojk 21-2016.pdf,"Peraturan Otoritas Jasa Keuangan Republik Indonesia Nomor 33 Tahun 2025 tentang Penilaian Tingkat Kesehatan Perusahaan Perasuransian, Lembaga Penjamin, dan Dana Pensiun",utama,33,POJK,"Perasuransian, Penjaminan , dan Dana Pensiun",,2026-01-01,268262,head,,https://jdih.ojk.go.id/Web/ViewPeraturan/Detail/f224b556-af80-65f5-7f99-3cec951ee3f1/All/
https://jdih.ojk.go.id/Web/ViewPeraturan/DownloadDokumen/42e78963-1f91-95fd-540d-c214f926d9b4,Peraturan Otoritas Jasa Keuangan Republik Indonesia Nomor 14 Tahun 2025 tentang Pelaksanaan Rapat Um.pdf,"Peraturan Otoritas Jasa Keuangan Republik Indonesia Nomor 14 Tahun 2025 tentang Pelaksanaan Rapat Umum Pemegang Saham, Rapat Umum Pemegang Obligasi, dan Rapat Umum Pemegang Sukuk Secara Elektronik",utama,14,POJK,"Pasar Modal, Keuangan Derivatif, dan Bursa Karbon",,2025-07-01,,unknown,,https://jdih.ojk.go.id/Web/ViewPeraturan/Detail/42e78963-1f91-95fd-540d-c214f926d9b4/All/
https://jdih.ojk.go.id/Web/ViewPeraturan/DownloadDokumen/b3505d9a-bee7-4674-13ab-9d9fe2cbd4f1,SAL - POJK DIRE F.pdf,"Peraturan Otoritas Jasa Keuangan Republik Indonesia Nomor 31 Tahun 2025 tentang Penerapan Tata Kelola Bursa Efek, Lembaga Kliring dan Penjaminan, serta Lembaga Penyimpanan dan Penyelesaian",utama,31,POJK,"Pasar Modal, Keuangan Derivatif, dan Bursa Karbon",,2025-12-03,229935,head,,https://jdih.ojk.go.id/Web/ViewPeraturan/Detail/b3505d9a-bee7-4674-13ab-9d9fe2cbd4f1/All/
https://jdih.ojk.go.id/Web/ViewPeraturan/DownloadDokumen/555cd7e7-e18f-2541-2823-b8ddf94d8b28,SAL - POJK Manajemen Risiko Bank Umum.pdf,Peraturan Otoritas Jasa Keuangan Republik Indonesia Nomor 27 Tahun 2025 tentang Pengelolaan Aset dan Liabilitas Perusahaan Asuransi dan Perusahaan Reasuransi dengan Prinsip Syariah,utama,27,POJK,"Perasuransian, Penjaminan , dan Dana Pensiun",,2025-11-24,289681,head,,https://jdih.ojk.go.id/Web/ViewPeraturan/Detail/555cd7e7-e18f-2541-2823-b8ddf94d8b28/All/
https://jdih.ojk.go.id/Web/ViewPeraturan/DownloadDokumen/9f920c5d-8b06-a539-7e1e-32f42aa942c4,pojk 17-2016.pdf,Peraturan Otoritas Jasa Keuangan Republik Indonesia Nomor 12 Tahun 2025 tentang Penerapan Manajemen Risiko dan Penilaian Tingkat Kesehatan Manajer Investasi,utama,12,POJK,"Pasar Modal, Keuangan Derivatif, dan Bursa Karbon",,2025-05-09,198787,head,,https://jdih.ojk.go.id/Web/ViewPeraturan/Detail/9f920c5d-8b06-a539-7e1e-32f42aa942c4/All/
https://jdih.ojk.go.id/Web/ViewPeraturan/DownloadDokumen/b9d699c7-654a-2c6a-46f3-768c67e168c9,pojk 16-2016.pdf,Peraturan Otoritas Jasa Keuangan Republik Indonesia Nomor 9 Tahun 2025 tentang Dematerialisasi Efek Bersifat Ekuitas dan Pengelolaan Aset yang Tidak Diklaim di Pasar Modal,utama,9,POJK,"Pasar Modal, Keuangan Derivatif, dan Bursa Karbon",,2025-05-06,463567,head,,https://jdih.ojk.go.id/Web/ViewPeraturan/Detail/b9d699c7-654a-2c6a-46f3-768c67e168c9/All/
https://jdih.ojk.go.id/Web/ViewPeraturan/DownloadDokumen/00c4c2d6-9045-fb58-efd2-300dee513e26,POJK 15-2016.pdf,"Peraturan Otoritas Jasa Keuangan Republik Indonesia Nomor 25 Tahun 2025 tentang Perubahan Atas Peraturan Otoritas Jasa Keuangan Nomor 49 Tahun 2024 tentang Pengawasan, Penetapan Status Pengawasan, dan Tindak Lanjut Pengawasan Lembaga Pembiayaan, Perusahaan Modal Ventura, Lembaga Keuangan Mikro, dan Lembaga Jasa Keuangan Lainnya",utama,25,POJK,"Lembaga Pembiayaan,Perusahaan Modal Ventura,Lembaga Keuangan Mikro,dan Lembaga Jasa Keuangan Lainnya",,2025-11-10,196718,head,,https://jdih.ojk.go.id/Web/ViewPeraturan/Detail/00c4c2d6-9045-fb58-efd2-300dee513e26/All/
https://jdih.ojk.go.id/Web/ViewPeraturan/DownloadDokumen/040f3a9c-50f3-1c9f-dfbd-3dbe9b4e8966,Peraturan OJK Nomor 14 Tahun 2020.pdf,Peraturan Otoritas Jasa Keuangan Republik Indonesia Nomor 7 Tahun 2025 tentang Laporan Bank Umum Sebagai Kustodian,utama,7,POJK,"Pasar Modal, Keuangan Derivatif, dan Bursa Karbon",,2025-12-28,554710,head,,https://jdih.ojk.go.id/Web/ViewPeraturan/Detail/040f3a9c-50f3-1c9f-dfbd-3dbe9b4e8966/All/
https://jdih.ojk.go.id/Web/ViewPeraturan/DownloadDokumen/e92d10c8-b14e-d138-bc7f-43ca4fe4be0e,seojk 9-2013.pdf,Peraturan Otoritas Jasa Keuangan Republik Indonesia Nomor 23 Tahun 2025 tentang Perubahan Atas Peraturan Otoritas Jasa Keuangan Nomor 27 Tahun 2024 tentang Penyelenggaraan Perdagangan Aset Keuangan Digital Termasuk Aset Kripto,utama,23,POJK,"Inovasi Teknologi Sektor Keuangan, Aset Keuangan Digital dan Aset Kripto",,2025-11-10,1352797,head,,https://jdih.ojk.go.id/Web/ViewPeraturan/Detail/e92d10c8-b14e-d138-bc7f-43ca4fe4be0e/All/
https://jdih.ojk.go.id/Web/ViewPeraturan/DownloadDokumen/0fb156c5-2746-5001-21fc-e3eb5412456e,POJK 13-2016.pdf,"Peraturan Otoritas Jasa Keuangan Republik Indonesia Nomor 19 Tahun 2025 tentang Kemudahan Akses Pembiayaan Kepada Usaha Mikro, Kecil, dan Menengah",utama,19,POJK,Perbankan,,2025-11-03,242904,head,,https://jdih.ojk.go.id/Web/ViewPeraturan/Detail/0fb156c5-2746-5001-21fc-e3eb5412456e/All/
https://jdih.ojk.go.id/Web/ViewPeraturan/DownloadDokumen/3d75beb8-cddf-97cf-5e0c-b69d924b53a7,SAL - POJK tentang Kegiatan Usaha dan Wilayah Jaringan Kantor BPR berdasarkan Modal Inti.pdf,Peraturan Otoritas Jasa Keuangan Republik Indonesia Nomor 15 Tahun 2025 tentang Penilaian Reksa Dana dan Penilaian Manajer Investasi,utama,15,POJK,"Pasar Modal, Keuangan Derivatif, dan Bursa Karbon",,2025-07-01,164105,head,,https://jdih.ojk.go.id/Web/ViewPeraturan/Detail/3d75beb8-cddf-97cf-5e0c-b69d924b53a7/All/
https://jdih.ojk.go.id/Web/ViewPeraturan/DownloadDokumen/153b6bdc-5639-9b86-a972-6e84ca06e390,SALINAN-POJK.11 Konversi KPMM FINALE.pdf,Peraturan Otoritas Jasa Keuangan Republik Indonesia Nomor 13 Tahun 2025 tentang Pengendalian Internal dan Perilaku Perusahaan Efek Yang Melakukan Kegiatan Usaha Sebagai Penjamin Emisi Efek dan Perantara Pedagang Efek,utama,13,POJK,"Pasar Modal, Keuangan Derivatif, dan Bursa Karbon",,2025-12-12,359098,head,,https://jdih.ojk.go.id/Web/ViewPeraturan/Detail/153b6bdc-5639-9b86-a972-6e84ca06e390/All/
https://jdih.ojk.go.id/Web/ViewPeraturan/DownloadDokumen/3ec8d28d-bdb4-3b95-879a-9e674507ce49,SALINAN- POJK BKD .pdf,Peraturan Otoritas Jasa Keuangan Republik Indonesia Nomor 11 Tahun 2025 tentang Penyelenggaraan Usaha Lembaga Penjamin,utama,11,POJK,"Perasuransian, Penjaminan , dan Dana Pensiun",,2025-11-07,284217,head,,https://jdih.ojk.go.id/Web/ViewPeraturan/Detail/3ec8d28d-bdb4-3b95-879a-9e674507ce49/All/
https://jdih.ojk.go.id/Web/ViewPeraturan/DownloadDokumen/b783d7fb-6abd-f735-e0ce-75535255a05a,SALINAN-POJK Alih Daya FINALE (k.e).pdf,Peraturan Otoritas Jasa Keuangan Republik Indonesia Nomor 8 Tahun 2025 tentang Penerbitan Daftar Efek Syariah dan Daftar Efek Syariah Luar Negeri,utama,8,POJK,"Pasar Modal, Keuangan Derivatif, dan Bursa Karbon",,2025-04-25,174417,head,,https://jdih.ojk.go.id/Web/ViewPeraturan/Detail/b783d7fb-6abd-f735-e0ce-75535255a05a/All/
https://jdih.ojk.go.id/Web/ViewPeraturan/DownloadDokumen/c9cc7596-0a2f-27cd-1a1c-6e0e6a1f32e7,SALINAN-POJK PKLN FINALE (k.e).pdf,Peraturan Otoritas Jasa Keuangan Republik Indonesia Nomor 6 Tahun 2025 tentang Laporan Agen Penjual Efek Reksa Dana,utama,6,POJK,"Pasar Modal, Keuangan Derivatif, dan Bursa Karbon",,2025-12-28,178653,head,,https://jdih.ojk.go.id/Web/ViewPeraturan/Detail/c9cc7596-0a2f-27cd-1a1c-6e0e6a1f32e7/All/
https://jdih.ojk.go.id/Web/ViewPeraturan/DownloadDokumen/d78d3d77-1f8e-1e4c-a99d-6a2d04644228,SALINAN-POJK Structured Product FINALE (k.e).pdf,Peraturan Otoritas Jasa Keuangan Republik Indonesia Nomor 5 Tahun 2025 tentang Profesi Penunjang di Sektor Jasa Keuangan,utama,5,POJK,Kebijakan Strategis,,2026-03-04,238615,head,,https://jdih.ojk.go.id/Web/ViewPeraturan/Detail/d78d3d77-1f8e-1e4c-a99d-6a2d04644228/All/
https://jdih.ojk.go.id/Web/ViewPeraturan/DownloadDokumen/870fc64e-dae7-ddec-63fc-e568a5bab5ab,SALINAN-POJK BUKU FINALE (k.e).pdf,Peraturan Otoritas Jasa Keuangan Republik Indonesia Nomor 10 Tahun 2025 tentang Perubahan Atas Peraturan Otoritas Jasa Keuangan Nomor 1/POJK.05/2017 tentang Perizinan Usaha dan Kelembagaan Lembaga Penjamin,utama,10,POJK,"Perasuransian, Penjaminan , dan Dana Pensiun",,2025-11-07,196711,head,,https://jdih.ojk.go.id/Web/ViewPeraturan/Detail/870fc64e-dae7-ddec-63fc-e568a5bab5ab/All/
https://jdih.ojk.go.id/Web/ViewPeraturan/DownloadDokumen/b43f913e-a0af-2090-7765-10ae7c20ac7e,SALINAN-POJK Rencana Bisnis Bank FINALE (k.e).pdf,Peraturan Anggota Dewan Komisioner Otoritas Jasa Keuangan Republik Indonesia Nomor 43/PADK.03/2025 tentang Penyelenggaraan Teknologi Informasi oleh Bank Perekonomian Rakyat  dan Bank Perekonomian Rakyat Syariah,utama,43,SURAT EDARAN OJK / PERATURAN ANGGOTA DEWAN KOMISIONER OJK,Perbankan,,2026-12-18,185367,head,,https://jdih.ojk.go.id/Web/ViewPeraturan/Detail/b43f913e-a0af-2090-7765-10ae7c20ac7e/All/
https://jdih.ojk.go.id/Web/ViewPeraturan/DownloadDokumen/8871b760-8dd9-ee20-e3d3-009f3356db62,POJK Penilaian TKS FINALE  (k.e).pdf,Peraturan Otoritas Jasa Keuangan Republik Indonesia Nomor 34 Tahun 2025 tentang Penyelenggaraan Teknologi Informasi oleh Bank Perekonomian Rakyat dan Bank Perekonomian Rakyat Syariah,utama,34,POJK,Perbankan,,2026-12-18,163963,head,,https://jdih.ojk.go.id/Web/ViewPeraturan/Detail/8871b760-8dd9-ee20-e3d3-009f3356db62/All/
https://jdih.ojk.go.id/Web/ViewPeraturan/DownloadDokumen/3668fd30-2ae5-5260-b186-697ad46aa8cc,SALINAN-POJK BPRS (k.e).pdf,Peraturan Otoritas Jasa Keuangan Republik Indonesia Nomor 29 Tahun 2025 tentang Perubahan atas Peraturan Otoritas Jasa Keuangan Nomor 39 Tahun 2024 tentang Pergadaian,utama,29,POJK,"Lembaga Pembiayaan,Perusahaan Modal Ventura,Lembaga Keuangan Mikro,dan Lembaga Jasa Keuangan Lainnya",,2025-11-26,384343,head,,https://jdih.ojk.go.id/Web/ViewPeraturan/Detail/3668fd30-2ae5-5260-b186-697ad46aa8cc/All/
https://jdih.ojk.go.id/Web/ViewPeraturan/DownloadDokumen/e23416d0-1521-b9e5-b95a-86e03e472f75,Salinan SEOJK nomor 11-SEOJK.05-2013.pdf,Surat Edaran Otoritas Jasa Keuangan Republik Indonesia Nomor 33/SEOJK.03/2025 tentang Pelaporan Bank Umum Syariah dan Unit Usaha Syariah Melalui Sistem Pelaporan Otoritas Jasa Keuangan,utama,33,SURAT EDARAN OJK / PERATURAN ANGGOTA DEWAN KOMISIONER OJK,Perbankan,,2025-11-28,909574,head,,https://jdih.ojk.go.id/Web/ViewPeraturan/Detail/e23416d0-1521-b9e5-b95a-86e03e472f75/All/
https://jdih.ojk.go.id/Web/ViewPeraturan/DownloadDokumen/fd342e00-7c6f-4db0-793b-6654fc6977b9,Salinan SEOJK nomor 8-SEOJK.04-2017.pdf,Surat Edaran Otoritas Jasa Keuangan Republik Indonesia Nomor 32/SEOJK.03/2025 tentang Transparansi dan Publikasi Laporan Bank Umum Syariah dan Unit Usaha Syariah,utama,32,SURAT EDARAN OJK / PERATURAN ANGGOTA DEWAN KOMISIONER OJK,Perbankan,,2026-02-09,147753,head,,https://jdih.ojk.go.id/Web/ViewPeraturan/Detail/fd342e00-7c6f-4db0-793b-6654fc6977b9/All/
https://jdih.ojk.go.id/Web/ViewPeraturan/DownloadDokumen/5c8f32b3-aaa1-86e4-7236-6963733d6efa,Peraturan Otoritas Jasa Keuangan Republik Indonesia Nomor 13 Tahun 2024 tentang Transparansi dan Pub.pdf,Peraturan Otoritas Jasa Keuangan Republik Indonesia Nomor 13 Tahun 2024 tentang Transparansi dan Publikasi Suku Bunga Dasar Kredit Bagi Bank Umum Konvensional,utama,13,POJK,Perbankan,,2024-08-12,,unknown,,https://jdih.ojk.go.id/Web/ViewPeraturan/Detail/5c8f32b3-aaa1-86e4-7236-6963733d6efa/All/
https://jdih.ojk.go.id/Web/ViewPeraturan/DownloadDokumen/41e7fa1b-bd56-7078-3167-088452648afc,POJK 2-2016.pdf,Peraturan Otoritas Jasa Keuangan Republik Indonesia Nomor 23 Tahun 2024 tentang Pelaporan Melalui Sistem Pelaporan Otoritas Jasa Keuangan dan Transparansi Kondisi Keuangan Bagi Bank Perekonomian Rakyat dan Bank Perekonomian Rakyat Syariah,utama,23,POJK,Perbankan,,2024-12-01,269901,head,,https://jdih.ojk.go.id/Web/ViewPeraturan/Detail/41e7fa1b-bd56-7078-3167-088452648afc/All/
https://jdih.ojk.go.id/Web/ViewPeraturan/DownloadDokumen/ce40985c-babe-c735-280a-bb35f3175230,POJK 1-2016.pdf,Peraturan Otoritas Jasa Keuangan Republik Indonesia Nomor 16 Tahun 2024 tentang Pengawasan PT Sarana Multi Infrastruktur (Persero),utama,16,POJK,"Lembaga Pembiayaan,Perusahaan Modal Ventura,Lembaga Keuangan Mikro,dan Lembaga Jasa Keuangan Lainnya",,2024-10-15,210358,head,,https://jdih.ojk.go.id/Web/ViewPeraturan/Detail/ce40985c-babe-c735-280a-bb35f3175230/All/
https://jdih.ojk.go.id/Web/ViewPeraturan/DownloadDokumen/cc802161-3f68-a34d-05d1-c5ceb08a416e,SAL - SEOJK PPL WMI.pdf,Peraturan Otoritas Jasa Keuangan Republik Indonesia Nomor 17 Tahun 2024 tentang Penyelenggaraan Kegiatan Usaha Bulion,utama,17,POJK,"Lembaga Pembiayaan,Perusahaan Modal Ventura,Lembaga Keuangan Mikro,dan Lembaga Jasa Keuangan Lainnya",,2024-10-18,193346,head,,https://jdih.ojk.go.id/Web/ViewPeraturan/Detail/cc802161-3f68-a34d-05d1-c5ceb08a416e/All/
https://jdih.ojk.go.id/Web/ViewPeraturan/DownloadDokumen/21874d18-28cb-7b29-ccb9-b96bd5937a9f,SAL - SEOJK Monitoring LAPS.pdf,Peraturan Otoritas Jasa Keuangan Republik Indonesia Nomor 4 Tahun 2025 tentang Penyelenggara Agregasi Jasa Keuangan,utama,4,POJK,"Inovasi Teknologi Sektor Keuangan, Aset Keuangan Digital dan Aset Kripto",,2025-02-26,196110,head,,https://jdih.ojk.go.id/Web/ViewPeraturan/Detail/21874d18-28cb-7b29-ccb9-b96bd5937a9f/All/
https://jdih.ojk.go.id/Web/ViewPeraturan/DownloadDokumen/7f9dc26e-eb9d-aa72-f06a-949fae2b30f9,Ringkasan Eksekutif dan FAQ SEOJK 53.pdf,Surat Edaran Otoritas Jasa Keuangan Republik Indonesia Nomor 27/SEOJK.03/2025 tentang Lembaga Pemeringkat dan Peringkat yang Diakui Otoritas Jasa Keuangan,faq,27,SURAT EDARAN OJK / PERATURAN ANGGOTA DEWAN KOMISIONER OJK,Perbankan,,2025-11-19,1578610,head,,https://jdih.ojk.go.id/Web/ViewPeraturan/Detail/7f9dc26e-eb9d-aa72-f06a-949fae2b30f9/All/
https://jdih.ojk.go.id/Web/ViewPeraturan/DownloadDokumen/c7c17108-9dd3-2690-3a12-17da617ad290,SAL - SEOJK RBB BPRS F.pdf,Peraturan Otoritas Jasa Keuangan Republik Indonesia Nomor 3 Tahun 2025 tentang Penatalaksanaan Lembaga Sertifikasi Profesi di Sektor Jasa Keuangan,utama,3,POJK,Manajemen Strategis,,2025-02-20,212176,head,,https://jdih.ojk.go.id/Web/ViewPeraturan/Detail/c7c17108-9dd3-2690-3a12-17da617ad290/All/
https://jdih.ojk.go.id/Web/ViewPeraturan/DownloadDokumen/5d8c75ef-2ddc-ca7b-29fb-4e8faf4c7df0,Peraturan Otoritas Jasa Keuangan Republik Indonesia Nomor 40 Tahun 2024 tentang Layanan Pendanaan Be.pdf,Peraturan Otoritas Jasa Keuangan Republik Indonesia Nomor 40 Tahun 2024 tentang Layanan Pendanaan Bersama Berbasis Teknologi Informasi,utama,40,POJK,"Lembaga Pembiayaan,Perusahaan Modal Ventura,Lembaga Keuangan Mikro,dan Lembaga Jasa Keuangan Lainnya",,2024-12-27,,unknown,,https://jdih.ojk.go.id/Web/ViewPeraturan/Detail/5d8c75ef-2ddc-ca7b-29fb-4e8faf4c7df0/All/
